{
  "images" : [
    {
      "filename" : "round_pause_circle_filled_black_48pt_1x.png",
      "idiom" : "universal",
      "scale" : "1x"
    },
    {
      "filename" : "round_pause_circle_filled_black_48pt_2x.png",
      "idiom" : "universal",
      "scale" : "2x"
    },
    {
      "filename" : "round_pause_circle_filled_black_48pt_3x.png",
      "idiom" : "universal",
      "scale" : "3x"
    }
  ],
  "info" : {
    "author" : "xcode",
    "version" : 1
  },
  "properties" : {
    "template-rendering-intent" : "template"
  }
}
